{
	"spiral":{
		"title": "Spiral",
		"train_acc": [1.0],
		"test_acc": [1.0]
		},
	"compas":{
		"title": "Compas",
		"train_acc": [0.691764705882353, 0.6982805429864254, 0.6907347086500181, 0.7003257328990228, 0.6903727832066594],
		"test_acc": [0.6852387843704776, 0.6642547033285094, 0.7009413468501087, 0.667632150615496, 0.6915278783490224]
	},
	"broward_general_2y":{
		"title": "Broward",
		"train_acc": [0.744721689059501, 0.7504798464491362, 0.7492002559181062, 0.7383237364043506, 0.7525575447570333],
		"test_acc":[0.6086956521739131, 0.5856777493606138, 0.6010230179028133, 0.618925831202046, 0.6153846153846154]
	},
	"fico":{
		"title": "Fico",
		"train_acc": [0.746862674793833, 0.7537946695350782, 0.7423210230668101, 0.7467431576431218, 0.7495219885277247],
		"test_acc": [0.7241873804971319, 0.6998087954110899, 0.7423518164435946, 0.7308795411089866, 0.7340985174557628]
	},
	"netherlands": {
		"title": "Netherlands",
		"train_acc": [0.731, 0.731125, 0.7311875, 0.7306875, 0.731625],
		"test_acc": [0.7125, 0.72425, 0.7235, 0.725, 0.71675]
	},
	"coupon_carryout": {
		"title": "Takeaway Food",
		"train_acc": [0.8081140350877193, 0.7949561403508771, 0.805921052631579, 0.8037280701754386, 0.799890350877193],
		"test_acc": [0.7609649122807017, 0.7872807017543859, 0.7478070175438597, 0.7236842105263158, 0.756578947368421]
	},
	"coupon_rest20": {
		"title": "Cheap Restaurant",
		"train_acc": [0.8176248821866164, 0.819038642789821, 0.822808671065033, 0.8134715025906736, 0.8172397550635893],
		"test_acc": [0.7721280602636534, 0.7608286252354048, 0.7740112994350282, 0.7905660377358491, 0.7547169811320755]
	}
}